neighborhood,total_barriers,avg_severity,permanent_count,permanent_ratio,hotspot_clusters,norm_barriers,norm_severity,norm_permanent,norm_hotspots,MFI,MFI_category
Industrial District,11481,3.2905143680749482,11425,0.9951223760996429,169,1.0,0.9235128789696188,0.9364226953677601,1.0,96.49838935843447,Severe Friction
Ravenna,5282,3.417516843118383,5261,0.996024233244983,30,0.4540250132112031,0.9930521709570654,0.9481779367794338,0.1726190476190476,65.60388404212952,High Friction
